,age,job,marital,education,default,housing,loan,contact,campaign,poutcome,cons_price_idx,cons_conf_idx,prime_rate,y
0,42,1,1,0,1,0,0,1,1,1,93.994,-36.4,4.857,no
1,41,4,1,0,0,0,0,1,2,1,93.994,-36.4,4.857,no
2,34,9,1,1,0,0,0,1,1,1,93.994,-36.4,4.857,no
3,54,5,1,1,1,0,0,1,1,1,93.994,-36.4,4.857,no
4,48,1,1,0,0,2,0,1,1,1,93.994,-36.4,4.857,no
5,48,1,1,0,1,0,0,1,3,1,93.994,-36.4,4.857,no
6,36,7,1,1,0,0,2,1,2,1,93.994,-36.4,4.857,no
7,54,4,1,0,1,2,2,1,1,1,93.994,-36.4,4.857,no
8,44,0,1,1,0,0,0,1,2,1,93.994,-36.4,4.857,no
9,41,4,1,3,1,0,0,1,2,1,93.994,-36.4,4.857,no
10,39,1,0,0,0,0,0,1,1,1,93.994,-36.4,4.856,no
11,32,2,1,0,0,2,0,1,1,1,93.994,-36.4,4.856,no
12,38,1,0,4,0,0,0,1,3,1,93.994,-36.4,4.856,no
13,50,9,1,1,0,2,0,1,1,1,93.994,-36.4,4.855,no
14,20,2,2,1,0,0,0,1,1,1,93.994,-36.4,4.855,no
15,35,1,1,0,0,0,0,1,1,1,93.994,-36.4,4.855,no
16,51,1,0,0,0,0,0,1,2,1,93.994,-36.4,4.855,no
17,45,1,2,0,0,0,0,1,3,1,93.994,-36.4,4.855,no
18,40,0,1,1,1,2,0,1,4,1,93.994,-36.4,4.855,no
19,35,1,1,2,0,2,2,1,1,1,93.994,-36.4,4.855,no
20,31,9,1,2,0,0,0,1,2,1,93.994,-36.4,4.855,no
21,33,0,0,3,0,0,2,1,1,1,93.994,-36.4,4.855,no
22,42,1,1,0,1,0,0,1,2,1,93.994,-36.4,4.855,no
23,57,2,1,1,1,2,0,1,2,1,93.994,-36.4,4.855,no
24,35,6,1,2,0,0,0,1,2,1,93.994,-36.4,4.855,no
25,47,9,0,3,0,0,0,1,3,1,93.994,-36.4,4.857,no
26,44,7,1,0,1,2,0,1,4,1,93.994,-36.4,4.857,no
27,29,1,1,0,0,0,0,1,5,1,93.994,-36.4,4.857,no
28,33,1,1,0,0,0,0,1,2,1,93.994,-36.4,4.857,no
29,38,1,2,3,1,2,0,1,2,1,93.994,-36.4,4.856,no
30,32,0,0,1,0,0,0,1,1,1,93.994,-36.4,4.856,no
31,46,1,1,0,1,2,0,1,1,1,93.994,-36.4,4.856,no
32,41,9,1,1,0,2,0,1,1,1,93.994,-36.4,4.859,no
33,38,9,2,2,1,1,1,1,2,1,93.994,-36.4,4.859,no
34,33,10,0,0,0,0,0,1,2,1,93.994,-36.4,4.859,no
35,33,2,1,1,0,0,0,1,1,1,93.994,-36.4,4.859,no
36,33,1,1,0,0,2,0,1,2,1,93.994,-36.4,4.859,no
37,34,9,1,2,1,0,2,1,4,1,93.994,-36.4,4.859,no
38,42,1,1,0,1,0,2,1,3,1,93.994,-36.4,4.859,no
39,39,1,1,0,1,0,0,1,1,1,93.994,-36.4,4.86,no
40,33,9,1,2,0,0,0,1,4,1,93.994,-36.4,4.86,no
41,35,9,1,4,1,0,0,1,2,1,93.994,-36.4,4.86,no
42,44,9,1,2,1,0,0,1,5,1,93.994,-36.4,4.86,no
43,44,7,1,1,1,2,0,1,2,1,93.994,-36.4,4.86,no
44,32,7,1,1,0,0,2,1,4,1,93.994,-36.4,4.859,no
45,35,0,2,1,0,0,2,1,1,1,93.994,-36.4,4.859,no
46,44,4,2,3,1,2,0,1,1,1,93.994,-36.4,4.859,no
47,44,1,0,0,1,2,0,1,4,1,93.994,-36.4,4.859,no
48,52,4,1,2,0,0,0,1,1,1,93.994,-36.4,4.859,no
49,41,4,1,3,0,0,0,1,4,1,93.994,-36.4,4.859,no
50,38,1,2,3,1,0,0,1,1,1,93.994,-36.4,4.859,no
51,51,7,1,0,0,0,0,1,1,1,93.994,-36.4,4.859,no
52,42,5,1,0,1,0,0,1,1,1,93.994,-36.4,4.859,no
53,39,0,2,1,1,2,0,1,16,1,93.994,-36.4,4.859,no
54,36,9,1,0,0,0,0,1,3,1,93.994,-36.4,4.859,no
55,44,4,1,1,0,2,0,1,3,1,93.994,-36.4,4.859,no
56,47,9,1,2,0,1,1,1,1,1,93.994,-36.4,4.8580000000000005,no
57,41,4,1,3,0,0,0,1,2,1,93.994,-36.4,4.8580000000000005,no
58,48,1,1,0,0,0,0,1,1,1,93.994,-36.4,4.8580000000000005,no
59,34,1,1,0,0,2,0,1,2,1,93.994,-36.4,4.8580000000000005,no
60,32,4,2,0,0,0,0,1,7,1,93.994,-36.4,4.8580000000000005,no
61,30,9,2,2,0,2,0,1,3,1,93.994,-36.4,4.8580000000000005,no
62,29,1,2,2,0,2,0,1,7,1,93.994,-36.4,4.8580000000000005,no
63,45,9,2,2,0,2,2,1,1,1,93.994,-36.4,4.856,no
64,47,1,1,4,1,0,0,1,1,1,93.994,-36.4,4.856,no
65,53,1,1,0,1,0,0,1,2,1,93.994,-36.4,4.856,no
66,35,7,2,0,0,2,0,1,1,1,93.994,-36.4,4.856,no
67,50,7,1,1,0,0,0,1,2,1,93.994,-36.4,4.856,no
68,39,1,2,0,0,0,0,1,3,1,93.994,-36.4,4.856,no
69,32,0,1,3,0,0,2,1,3,1,93.994,-36.4,4.856,no
70,32,1,1,0,0,2,0,1,3,1,93.994,-36.4,4.856,no
71,57,6,1,4,1,0,2,1,2,1,93.994,-36.4,4.856,no
72,36,7,1,1,0,0,0,1,2,1,93.994,-36.4,4.856,no
73,39,1,1,0,0,0,0,1,3,1,93.994,-36.4,4.8580000000000005,no
74,30,2,1,2,0,0,0,1,1,1,93.994,-36.4,4.8580000000000005,no
75,57,7,0,1,0,2,2,1,3,1,93.994,-36.4,4.8580000000000005,no
76,46,3,1,0,0,0,0,1,2,1,93.994,-36.4,4.8580000000000005,no
77,25,1,1,0,1,2,0,1,1,1,93.994,-36.4,4.8580000000000005,no
78,57,7,0,1,0,2,0,1,3,1,93.994,-36.4,4.8580000000000005,no
79,41,1,0,0,0,2,0,1,1,1,93.994,-36.4,4.857,no
80,49,9,1,2,0,0,0,1,2,1,93.994,-36.4,4.857,no
81,48,1,0,0,0,2,2,1,3,1,93.994,-36.4,4.857,no
82,43,2,1,0,1,2,0,1,2,1,93.994,-36.4,4.857,no
83,40,1,1,0,0,2,0,1,1,1,93.994,-36.4,4.857,no
84,43,4,1,1,0,0,0,1,3,1,93.994,-36.4,4.857,no
85,37,9,1,3,1,0,0,1,5,1,93.994,-36.4,4.857,no
86,49,9,1,2,0,0,0,1,6,1,93.994,-36.4,4.857,no
87,47,2,1,1,0,0,0,1,1,1,93.994,-36.4,4.857,no
88,44,7,1,1,0,2,2,1,1,1,93.994,-36.4,4.857,no
89,56,1,1,2,0,2,0,1,4,1,93.994,-36.4,4.857,no
90,54,5,1,0,0,0,2,1,1,1,93.994,-36.4,4.857,no
91,25,1,1,1,1,2,2,1,6,1,93.994,-36.4,4.857,no
92,35,1,1,1,0,2,2,1,1,1,93.994,-36.4,4.857,no
93,27,0,2,3,0,2,0,1,1,1,93.994,-36.4,4.857,no
94,60,11,1,3,0,0,0,1,1,1,93.994,-36.4,4.857,no
95,57,4,0,3,0,0,0,1,1,1,93.994,-36.4,4.857,no
96,25,0,1,4,0,0,0,1,1,1,93.994,-36.4,4.857,no
97,30,6,1,0,0,0,0,1,2,1,93.994,-36.4,4.857,no
98,42,3,2,0,1,2,0,1,7,1,93.994,-36.4,4.857,no
99,54,5,1,0,1,0,0,1,2,1,93.994,-36.4,4.857,no
100,36,1,1,0,1,2,0,1,21,1,93.994,-36.4,4.857,no
101,41,7,0,0,0,2,0,1,3,1,93.994,-36.4,4.857,no
102,50,7,1,0,1,2,0,1,1,1,93.994,-36.4,4.857,no
103,31,1,1,0,0,0,0,1,4,1,93.994,-36.4,4.857,no
104,41,4,1,0,0,2,0,1,1,1,93.994,-36.4,4.857,no
105,53,9,1,2,1,0,0,1,2,1,93.994,-36.4,4.857,no
106,34,0,2,1,0,0,0,1,3,1,93.994,-36.4,4.857,no
107,39,0,1,3,0,2,0,1,1,1,93.994,-36.4,4.86,no
108,34,6,1,2,0,0,0,1,1,1,93.994,-36.4,4.86,no
109,30,1,2,0,1,2,2,1,4,1,93.994,-36.4,4.86,no
110,25,0,1,3,0,0,0,1,1,1,93.994,-36.4,4.864,no
111,33,7,2,1,0,2,0,1,1,1,93.994,-36.4,4.864,no
112,43,1,1,0,1,0,0,1,2,1,93.994,-36.4,4.864,no
113,29,9,1,2,0,0,0,1,3,1,93.994,-36.4,4.864,no
114,57,7,0,1,0,2,0,1,2,1,93.994,-36.4,4.864,no
115,32,0,2,1,0,2,0,1,4,1,93.994,-36.4,4.864,no
116,38,9,2,3,0,0,0,1,1,1,94.465,-41.8,4.865,no
117,34,7,2,2,1,2,0,1,1,1,94.465,-41.8,4.865,no
118,58,0,0,3,0,2,0,1,7,1,94.465,-41.8,4.865,no
119,27,1,1,0,1,2,0,1,1,1,94.465,-41.8,4.865,no
120,54,1,1,1,0,0,0,1,1,1,94.465,-41.8,4.865,no
121,36,0,1,3,0,2,0,1,2,1,94.465,-41.8,4.865,no
122,35,8,2,3,1,2,2,1,2,1,94.465,-41.8,4.865,no
123,59,5,0,3,0,0,0,1,6,1,94.465,-41.8,4.865,no
124,58,9,1,2,0,2,2,1,1,1,94.465,-41.8,4.864,no
125,43,1,1,0,0,0,2,1,1,1,94.465,-41.8,4.864,no
126,41,1,1,0,0,2,0,1,2,1,94.465,-41.8,4.864,no
127,43,0,0,1,0,0,0,1,1,1,94.465,-41.8,4.864,no
128,24,0,2,1,0,0,0,1,1,1,94.465,-41.8,4.864,no
129,57,0,0,4,1,0,0,1,1,1,94.465,-41.8,4.864,no
130,41,4,1,3,0,0,0,1,6,1,94.465,-41.8,4.864,no
131,36,0,1,3,0,2,0,1,11,1,94.465,-41.8,4.864,no
132,36,2,1,0,1,0,0,1,5,1,94.465,-41.8,4.864,no
133,29,0,1,1,0,2,0,1,2,1,94.465,-41.8,4.864,no
134,31,1,2,0,0,0,0,1,2,1,94.465,-41.8,4.864,no
135,25,11,2,3,0,0,0,1,2,1,94.465,-41.8,4.864,no
136,32,0,2,1,0,2,0,1,2,1,94.465,-41.8,4.864,no
137,26,0,1,1,0,0,0,1,2,1,94.465,-41.8,4.864,no
138,56,0,2,0,0,2,0,1,2,1,94.465,-41.8,4.864,no
139,30,1,1,0,0,2,0,1,1,1,94.465,-41.8,4.8660000000000005,no
140,28,9,2,2,0,0,0,1,2,1,94.465,-41.8,4.8660000000000005,no
141,31,1,2,0,0,0,0,1,3,1,94.465,-41.8,4.8660000000000005,no
142,50,1,1,0,0,1,1,1,2,1,94.465,-41.8,4.8660000000000005,no
143,31,9,2,3,1,2,0,1,2,1,94.465,-41.8,4.8660000000000005,no
144,29,7,2,1,0,2,0,1,3,1,94.465,-41.8,4.8660000000000005,no
145,39,7,1,1,0,2,0,1,1,1,94.465,-41.8,4.967,no
146,30,1,1,0,0,1,1,1,1,1,94.465,-41.8,4.967,no
147,31,1,2,1,0,0,0,1,2,1,94.465,-41.8,4.967,no
148,32,1,1,0,0,0,0,1,2,1,94.465,-41.8,4.967,no
149,30,1,1,0,0,2,0,1,1,1,94.465,-41.8,4.967,no
150,33,1,1,0,1,1,1,1,1,1,94.465,-41.8,4.967,no
151,55,0,1,0,1,0,0,1,9,1,94.465,-41.8,4.967,no
152,40,7,0,1,0,2,0,1,3,1,94.465,-41.8,4.967,no
153,34,0,1,0,0,2,0,1,3,1,94.465,-41.8,4.961,no
154,35,9,1,2,0,2,2,1,4,1,94.465,-41.8,4.961,no
155,33,4,1,1,0,0,2,1,1,1,94.465,-41.8,4.961,no
156,27,2,2,3,0,2,0,1,3,1,94.465,-41.8,4.961,no
157,32,7,1,1,1,0,0,1,3,1,94.465,-41.8,4.961,no
158,48,7,1,0,1,0,2,1,5,1,94.465,-41.8,4.961,no
159,29,0,1,2,0,2,0,1,4,1,94.465,-41.8,4.959,no
160,30,6,2,3,0,0,0,1,1,1,94.465,-41.8,4.959,no
161,32,0,2,1,0,2,0,1,1,1,94.465,-41.8,4.959,no
162,35,7,1,1,1,2,0,1,1,1,94.465,-41.8,4.958,no
163,59,1,1,0,1,2,0,1,1,1,94.465,-41.8,4.96,no
164,53,1,0,0,1,0,0,1,1,1,94.465,-41.8,4.96,no
165,35,0,0,3,0,0,0,1,3,1,94.465,-41.8,4.96,no
166,34,0,1,3,0,2,0,1,14,1,94.465,-41.8,4.96,no
167,54,9,1,1,0,0,0,1,5,1,94.465,-41.8,4.96,no
168,34,0,1,3,0,2,2,1,1,1,94.465,-41.8,4.961,no
169,33,7,1,1,1,2,0,1,3,1,94.465,-41.8,4.961,no
170,43,9,1,2,0,2,0,1,2,1,94.465,-41.8,4.961,no
171,36,1,1,3,1,0,0,1,2,1,94.465,-41.8,4.961,no
172,35,0,0,0,1,2,0,1,10,1,94.465,-41.8,4.962,no
173,28,0,2,3,0,0,0,1,3,1,94.465,-41.8,4.962,no
174,41,7,1,1,0,1,1,1,1,1,94.465,-41.8,4.962,no
175,47,0,1,0,0,2,0,1,3,1,94.465,-41.8,4.962,no
176,35,0,0,3,0,2,0,1,2,1,94.465,-41.8,4.962,no
177,32,6,2,1,0,0,0,1,1,1,94.465,-41.8,4.961,no
178,43,0,1,3,0,0,0,1,2,1,94.465,-41.8,4.961,no
179,28,1,1,0,0,0,0,1,1,1,94.465,-41.8,4.961,no
180,55,5,1,3,1,2,0,1,1,1,94.465,-41.8,4.961,no
181,43,1,1,0,1,0,0,1,23,1,94.465,-41.8,4.959,no
182,49,1,1,0,1,1,1,1,1,1,94.465,-41.8,4.959,no
183,42,1,1,0,1,0,0,1,2,1,94.465,-41.8,4.959,no
184,45,4,1,0,0,2,0,1,4,1,94.465,-41.8,4.959,no
185,36,6,2,3,0,0,0,1,3,1,94.465,-41.8,4.959,no
186,37,1,1,0,1,0,0,1,1,1,94.465,-41.8,4.959,no
187,54,1,0,0,1,0,0,1,2,1,94.465,-41.8,4.959,no
188,29,9,1,2,0,2,0,1,1,1,94.465,-41.8,4.959,no
189,43,0,1,1,0,0,0,1,10,1,94.465,-41.8,4.959,no
190,49,4,1,1,0,0,0,1,13,1,94.465,-41.8,4.959,no
191,50,1,1,0,1,2,2,1,3,1,94.465,-41.8,4.959,no
192,34,0,1,3,0,2,0,1,6,1,94.465,-41.8,4.959,no
193,56,0,1,3,0,0,0,1,3,1,94.465,-41.8,4.959,no
194,35,0,1,3,0,0,0,1,4,1,94.465,-41.8,4.959,no
195,39,4,2,3,0,0,0,1,3,1,94.465,-41.8,4.958,no
196,34,0,1,3,0,0,0,1,2,1,94.465,-41.8,4.947,no
197,28,1,1,1,0,2,0,1,1,1,93.91799999999999,-42.7,4.966,no
198,38,1,1,1,0,2,0,1,1,1,93.91799999999999,-42.7,4.966,no
199,30,0,1,1,0,2,0,0,6,1,93.91799999999999,-42.7,4.959,no
200,52,4,1,2,0,2,0,0,3,1,93.91799999999999,-42.7,4.96,no
201,32,7,2,1,0,0,0,0,3,1,93.91799999999999,-42.7,4.96,no
202,29,7,1,1,0,2,0,0,1,1,93.91799999999999,-42.7,4.96,no
203,58,1,1,0,1,2,0,0,2,1,93.91799999999999,-42.7,4.96,no
204,24,7,1,1,0,2,0,0,4,1,93.91799999999999,-42.7,4.96,no
205,39,6,1,3,0,0,0,0,1,1,93.91799999999999,-42.7,4.96,no
206,51,1,1,4,1,2,0,0,2,1,93.91799999999999,-42.7,4.96,no
207,39,4,0,3,0,2,0,0,1,1,93.91799999999999,-42.7,4.962,no
208,29,0,2,1,0,0,0,0,2,1,93.91799999999999,-42.7,4.962,no
209,32,7,0,1,1,2,0,0,1,1,93.91799999999999,-42.7,4.962,no
210,31,1,1,0,0,0,0,1,3,1,93.91799999999999,-42.7,4.962,no
211,28,7,1,1,0,2,0,0,1,1,93.91799999999999,-42.7,4.962,no
212,31,0,2,2,0,0,0,0,1,1,93.91799999999999,-42.7,4.962,no
213,31,4,2,3,0,0,0,0,1,1,93.91799999999999,-42.7,4.962,no
214,31,0,2,1,0,0,0,0,2,1,93.91799999999999,-42.7,4.962,no
215,41,1,2,0,1,1,1,0,1,1,93.91799999999999,-42.7,4.962,no
216,33,1,1,0,0,0,0,1,1,1,93.91799999999999,-42.7,4.962,no
217,32,9,2,3,0,2,2,1,43,1,93.91799999999999,-42.7,4.962,no
218,32,9,1,2,0,2,0,0,1,1,93.91799999999999,-42.7,4.963,no
219,36,0,0,3,1,0,0,1,1,1,93.91799999999999,-42.7,4.963,no
220,43,1,2,0,0,2,0,0,1,1,93.91799999999999,-42.7,4.963,no
221,33,6,1,0,1,0,0,0,1,1,93.91799999999999,-42.7,4.963,no
222,31,0,1,1,0,0,0,0,1,1,93.91799999999999,-42.7,4.963,no
223,27,0,2,1,0,2,0,0,1,1,93.91799999999999,-42.7,4.963,no
224,31,9,1,2,0,0,0,0,1,1,93.91799999999999,-42.7,4.963,no
225,37,1,1,0,1,2,0,0,2,1,93.91799999999999,-42.7,4.963,no
226,43,2,0,2,0,0,2,0,2,1,93.91799999999999,-42.7,4.963,no
227,35,0,2,3,0,0,0,0,2,1,93.91799999999999,-42.7,4.963,no
228,29,1,2,0,0,0,0,0,2,1,93.91799999999999,-42.7,4.963,no
229,46,3,1,0,1,0,0,0,2,1,93.91799999999999,-42.7,4.963,no
230,27,1,2,0,0,2,0,0,2,1,93.91799999999999,-42.7,4.962,no
231,30,0,2,3,0,2,2,0,2,1,93.91799999999999,-42.7,4.962,no
232,30,7,1,0,0,2,0,0,2,1,93.91799999999999,-42.7,4.962,no
233,27,3,1,1,0,2,0,0,3,1,93.91799999999999,-42.7,4.962,no
234,36,0,1,3,0,2,2,0,2,1,93.91799999999999,-42.7,4.962,no
235,36,0,1,3,0,2,0,1,5,1,93.91799999999999,-42.7,4.962,no
236,42,9,1,0,0,0,0,0,3,1,93.91799999999999,-42.7,4.961,no
237,29,2,1,0,0,0,0,0,4,1,93.91799999999999,-42.7,4.961,no
238,33,3,1,0,0,0,0,0,4,1,93.91799999999999,-42.7,4.961,no
239,32,7,2,4,1,0,0,0,1,1,93.91799999999999,-42.7,4.961,no
240,37,7,1,1,0,2,0,0,2,1,93.91799999999999,-42.7,4.961,no
241,34,9,0,0,0,2,0,0,3,1,93.91799999999999,-42.7,4.961,no
242,48,0,2,3,0,0,0,1,7,1,93.91799999999999,-42.7,4.961,no
243,33,1,0,0,1,0,0,0,5,1,93.91799999999999,-42.7,4.961,no
244,59,5,1,3,1,0,0,0,5,1,93.91799999999999,-42.7,4.957,no
245,49,1,0,4,1,0,0,0,1,1,93.91799999999999,-42.7,4.957,no
246,33,1,1,0,0,2,0,0,11,1,93.91799999999999,-42.7,4.957,no
247,48,1,1,0,1,2,0,0,2,1,93.91799999999999,-42.7,4.957,no
248,31,0,2,0,0,0,0,0,5,1,93.91799999999999,-42.7,4.957,no
249,47,1,1,0,1,2,2,0,1,1,93.91799999999999,-42.7,4.958,no
250,27,1,2,0,0,0,0,0,1,1,93.91799999999999,-42.7,4.958,no
251,24,0,2,1,1,2,0,0,1,1,93.91799999999999,-42.7,4.958,no
252,42,3,1,0,0,2,2,0,1,1,93.91799999999999,-42.7,4.958,no
253,44,1,1,0,1,0,0,1,4,1,93.91799999999999,-42.7,4.958,no
254,42,7,1,1,0,0,0,0,4,1,93.91799999999999,-42.7,4.958,no
255,31,1,2,0,0,2,2,0,2,1,93.91799999999999,-42.7,4.957,no
256,28,9,1,0,0,2,0,0,2,1,93.91799999999999,-42.7,4.957,no
257,29,4,2,0,0,0,2,0,1,1,93.91799999999999,-42.7,4.957,no
258,31,9,1,1,0,2,0,0,10,1,93.91799999999999,-42.7,4.957,no
259,35,1,1,0,0,2,0,0,4,1,93.91799999999999,-42.7,4.957,no
260,41,6,1,0,1,0,0,0,8,1,93.91799999999999,-42.7,4.957,no
261,43,0,1,1,0,0,0,0,2,1,93.91799999999999,-42.7,4.96,no
262,32,0,2,1,1,0,2,0,4,1,93.91799999999999,-42.7,4.96,no
263,27,0,2,1,1,0,0,0,2,1,93.91799999999999,-42.7,4.96,no
264,36,9,1,0,0,0,0,0,1,1,93.91799999999999,-42.7,4.96,no
265,44,0,2,0,0,2,2,0,2,1,93.91799999999999,-42.7,4.96,no
266,40,6,1,1,0,2,0,1,1,1,93.91799999999999,-42.7,4.96,no
267,28,9,1,0,0,2,0,0,4,1,93.91799999999999,-42.7,4.96,no
268,29,0,1,1,0,2,0,0,3,1,93.91799999999999,-42.7,4.96,no
269,37,0,2,1,1,0,0,0,6,1,93.91799999999999,-42.7,4.961,no
270,46,1,1,4,0,2,0,0,1,1,93.91799999999999,-42.7,4.961,no
271,42,2,1,3,0,2,0,0,1,1,93.91799999999999,-42.7,4.961,no
272,41,1,1,0,0,2,0,0,2,1,93.91799999999999,-42.7,4.961,no
273,28,9,2,1,0,2,0,0,2,1,93.91799999999999,-42.7,4.961,no
274,30,0,2,3,0,0,2,0,2,1,93.91799999999999,-42.7,4.961,no
275,41,1,1,0,0,0,0,0,4,1,93.91799999999999,-42.7,4.961,no
276,36,1,1,0,0,2,0,0,4,1,93.91799999999999,-42.7,4.961,no
277,42,3,1,0,1,0,2,0,1,1,93.91799999999999,-42.7,4.963,no
278,39,0,1,0,1,0,0,0,1,1,93.91799999999999,-42.7,4.963,no
279,37,10,2,0,1,2,2,0,1,1,93.91799999999999,-42.7,4.963,no
280,36,1,1,0,0,0,2,0,1,1,93.91799999999999,-42.7,4.963,no
281,32,8,2,1,0,2,0,0,2,1,93.91799999999999,-42.7,4.962,no
282,59,0,1,0,1,2,0,0,1,1,93.91799999999999,-42.7,4.962,no
283,36,4,1,4,1,2,0,0,1,1,93.91799999999999,-42.7,4.962,no
284,49,9,1,2,0,2,0,0,3,1,93.91799999999999,-42.7,4.962,no
285,38,0,2,3,0,2,2,0,3,1,93.91799999999999,-42.7,4.962,no
286,27,0,1,3,0,0,2,0,2,1,93.91799999999999,-42.7,4.962,no
287,60,5,1,0,1,0,0,0,1,1,93.91799999999999,-42.7,4.962,no
288,51,1,1,0,1,2,0,0,1,1,93.91799999999999,-42.7,4.962,no
289,55,5,1,2,0,2,0,0,8,1,93.91799999999999,-42.7,4.962,no
290,43,1,1,0,0,0,0,0,6,1,93.91799999999999,-42.7,4.962,no
291,46,4,1,3,0,0,0,0,2,1,93.91799999999999,-42.7,4.962,no
292,40,1,1,2,0,0,0,0,2,1,93.91799999999999,-42.7,4.962,no
293,48,9,1,4,0,2,0,0,2,1,93.91799999999999,-42.7,4.962,no
294,49,4,1,3,1,2,0,1,12,1,93.91799999999999,-42.7,4.962,no
295,45,6,0,3,0,0,0,0,4,1,93.91799999999999,-42.7,4.961,no
296,33,0,1,3,0,0,0,0,1,1,93.91799999999999,-42.7,4.961,no
297,38,10,1,0,1,0,0,0,1,1,93.91799999999999,-42.7,4.961,no
298,57,0,0,3,1,2,2,0,6,1,93.91799999999999,-42.7,4.961,no
299,39,0,2,3,0,2,0,0,1,1,93.91799999999999,-42.7,4.963,no
300,34,9,2,2,1,2,0,0,2,1,93.91799999999999,-42.7,4.963,no
301,29,9,1,3,0,2,0,0,5,1,93.91799999999999,-42.7,4.963,no
302,45,11,2,1,0,2,0,0,3,1,93.91799999999999,-42.7,4.963,no
303,32,4,2,3,0,0,0,0,3,1,93.91799999999999,-42.7,4.963,no
304,24,0,2,1,0,2,0,0,3,1,93.91799999999999,-42.7,4.968,no
305,29,0,2,3,0,0,0,0,14,1,93.91799999999999,-42.7,4.968,no
306,28,0,2,3,0,0,0,0,2,1,93.91799999999999,-42.7,4.968,no
307,27,6,1,3,0,2,0,1,3,1,93.91799999999999,-42.7,4.968,no
308,22,10,2,1,0,2,0,0,3,1,93.91799999999999,-42.7,4.968,no
309,48,1,1,2,0,0,0,0,25,1,93.91799999999999,-42.7,4.968,no
310,54,0,1,3,1,2,0,0,5,1,93.91799999999999,-42.7,4.968,no
311,33,8,0,2,0,0,0,0,1,1,93.444,-36.1,4.97,no
312,34,0,2,3,0,0,2,0,3,1,93.444,-36.1,4.97,no
313,52,9,0,3,0,0,0,0,1,1,93.444,-36.1,4.968,no
314,42,9,1,1,0,2,0,0,1,1,93.444,-36.1,4.968,no
315,34,9,2,3,0,2,2,0,3,1,93.444,-36.1,4.967,no
316,37,4,1,3,0,0,0,0,2,1,93.444,-36.1,4.967,no
317,51,9,1,1,1,1,1,0,1,1,93.444,-36.1,4.967,no
318,32,0,2,3,0,0,0,0,1,1,93.444,-36.1,4.967,no
319,30,0,2,3,0,2,0,0,1,1,93.444,-36.1,4.967,no
320,31,4,1,3,0,2,2,0,2,1,93.444,-36.1,4.967,no
321,31,0,1,3,0,2,0,0,1,1,93.444,-36.1,4.967,no
322,33,9,2,2,0,2,0,0,1,1,93.444,-36.1,4.967,no
323,33,9,2,2,0,0,0,0,1,1,93.444,-36.1,4.967,no
324,48,1,1,4,0,2,2,0,1,1,93.444,-36.1,4.967,no
325,52,1,1,0,1,2,2,0,4,1,93.444,-36.1,4.967,no
326,33,9,1,1,0,0,2,0,2,1,93.444,-36.1,4.968,no
327,31,7,1,2,1,2,0,0,5,1,93.444,-36.1,4.968,no
328,39,4,1,3,0,0,0,0,6,1,93.444,-36.1,4.968,no
329,55,0,1,4,1,2,0,0,4,1,93.444,-36.1,4.968,no
330,44,1,1,2,0,0,0,0,4,1,93.444,-36.1,4.966,no
331,50,10,1,2,1,2,0,0,1,1,93.444,-36.1,4.966,no
332,44,4,1,3,0,0,0,0,1,1,93.444,-36.1,4.966,no
333,33,9,2,2,0,2,2,0,1,1,93.444,-36.1,4.966,no
334,37,9,0,2,0,0,0,0,2,1,93.444,-36.1,4.966,no
335,52,1,1,0,0,2,0,0,1,1,93.444,-36.1,4.966,no
336,34,9,2,2,0,0,0,0,4,1,93.444,-36.1,4.966,no
337,33,9,1,2,0,0,0,0,7,1,93.444,-36.1,4.966,no
338,30,1,1,1,0,2,0,0,3,1,93.444,-36.1,4.966,no
339,30,0,2,3,0,0,0,0,1,1,93.444,-36.1,4.965,no
340,30,0,2,3,0,2,0,0,1,1,93.444,-36.1,4.965,no
341,50,4,1,3,1,2,0,0,2,1,93.444,-36.1,4.965,no
342,38,0,1,3,0,0,0,0,1,1,93.444,-36.1,4.966,no
343,53,0,0,3,0,0,0,0,1,1,93.444,-36.1,4.966,no
344,42,9,0,2,0,2,2,0,1,1,93.444,-36.1,4.966,no
345,31,10,2,3,0,2,0,0,2,1,93.444,-36.1,4.966,no
346,53,2,1,0,1,2,0,0,5,1,93.444,-36.1,4.966,no
347,32,9,1,3,0,2,0,0,2,1,93.444,-36.1,4.966,no
348,35,9,2,3,0,2,0,0,3,1,93.444,-36.1,4.966,no
349,39,9,0,2,0,2,2,0,2,1,93.444,-36.1,4.966,no
350,45,0,1,1,1,2,0,0,1,1,93.444,-36.1,4.966,no
351,41,9,1,2,0,2,0,0,1,1,93.444,-36.1,4.966,no
352,49,1,1,0,1,0,0,0,2,1,93.444,-36.1,4.966,no
353,35,9,1,3,0,2,0,0,1,1,93.444,-36.1,4.965,no
354,52,0,1,1,0,0,0,0,1,1,93.444,-36.1,4.965,no
355,57,9,0,3,0,2,0,0,1,1,93.444,-36.1,4.965,no
356,30,0,1,3,0,0,0,0,2,1,93.444,-36.1,4.965,no
357,53,7,1,1,1,2,0,0,1,1,93.444,-36.1,4.9639999999999995,no
358,34,9,2,3,0,2,0,0,1,1,93.444,-36.1,4.9639999999999995,no
359,47,9,1,3,0,2,0,0,2,1,93.444,-36.1,4.9639999999999995,no
360,53,9,1,2,0,2,0,0,2,1,93.444,-36.1,4.9639999999999995,no
361,54,9,1,2,0,2,2,0,2,1,93.444,-36.1,4.9639999999999995,no
362,32,9,2,3,0,2,0,0,2,1,93.444,-36.1,4.9639999999999995,no
363,30,0,1,3,0,0,0,0,3,1,93.444,-36.1,4.963,no
364,49,7,1,0,1,0,0,0,2,1,93.444,-36.1,4.963,no
365,38,9,0,3,1,2,0,0,2,1,93.444,-36.1,4.963,no
366,35,3,2,2,0,2,2,0,1,1,93.444,-36.1,4.963,no
367,37,0,1,2,1,2,2,0,1,1,93.444,-36.1,4.963,no
368,54,1,1,0,0,2,0,0,1,1,93.444,-36.1,4.963,no
369,30,9,2,3,0,0,0,0,3,1,93.444,-36.1,4.963,no
370,34,0,2,3,0,2,0,0,4,1,93.444,-36.1,4.963,no
371,55,1,1,0,1,0,0,0,4,1,93.444,-36.1,4.963,no
372,35,0,2,3,0,2,0,0,4,1,93.444,-36.1,4.963,no
373,31,9,2,2,0,2,0,0,1,1,93.444,-36.1,4.963,no
374,39,0,2,3,0,2,0,0,1,1,93.444,-36.1,4.963,no
375,34,9,1,1,1,0,0,0,1,1,93.444,-36.1,4.963,no
376,32,0,2,3,0,2,0,0,2,1,93.444,-36.1,4.963,no
377,36,10,2,2,0,2,2,1,1,1,93.444,-36.1,4.963,no
378,53,6,1,0,0,0,0,0,11,1,93.444,-36.1,4.963,no
379,33,0,2,3,0,2,2,0,4,1,93.444,-36.1,4.963,no
380,31,0,1,3,0,2,0,0,1,1,93.444,-36.1,4.9639999999999995,no
381,31,10,1,3,0,2,0,0,9,1,93.444,-36.1,4.9639999999999995,no
382,41,0,0,3,0,2,0,0,2,1,93.444,-36.1,4.9639999999999995,no
383,59,5,1,1,0,2,0,0,5,1,93.444,-36.1,4.9639999999999995,no
384,36,0,1,3,0,2,0,0,3,1,93.444,-36.1,4.9639999999999995,no
385,46,6,1,3,0,0,2,0,3,1,93.444,-36.1,4.963,no
386,30,9,1,1,0,0,0,0,2,1,93.444,-36.1,4.963,no
387,57,9,1,3,0,0,0,0,1,1,93.444,-36.1,4.963,no
388,30,9,2,3,0,2,2,0,1,1,93.444,-36.1,4.9639999999999995,no
389,31,1,1,0,0,0,0,0,2,1,93.444,-36.1,4.9639999999999995,no
390,32,0,2,3,0,2,2,0,3,1,93.444,-36.1,4.9639999999999995,no
391,57,6,1,3,1,2,0,0,2,1,93.444,-36.1,4.965,no
392,49,1,1,4,1,2,0,0,4,1,93.444,-36.1,4.965,no
393,52,1,1,0,0,2,0,0,4,1,93.444,-36.1,4.965,no
394,29,0,2,3,0,0,0,0,4,1,93.444,-36.1,4.965,no
395,40,0,1,3,0,2,0,0,3,1,93.444,-36.1,4.965,no
396,37,3,1,0,1,2,0,0,1,1,93.444,-36.1,4.965,no
397,57,5,1,0,0,2,2,0,4,1,93.444,-36.1,4.965,no
398,51,0,1,3,0,2,0,0,7,1,93.444,-36.1,4.965,no
399,47,4,1,3,0,2,0,0,8,1,93.444,-36.1,4.965,no
400,38,0,1,3,0,2,0,0,6,1,93.444,-36.1,4.965,no
401,47,9,0,1,0,2,0,0,3,1,93.444,-36.1,4.9639999999999995,no
402,39,9,1,2,0,0,0,0,14,1,93.444,-36.1,4.9639999999999995,no
403,37,9,1,3,0,0,0,0,1,1,93.444,-36.1,4.962,no
404,35,9,1,3,1,0,0,0,5,1,93.444,-36.1,4.962,no
405,42,4,1,3,0,2,0,0,4,1,93.444,-36.1,4.962,no
406,35,9,1,3,0,2,0,0,10,1,93.444,-36.1,4.962,no
407,43,0,1,3,0,2,0,0,13,1,93.444,-36.1,4.962,no
408,51,1,1,0,1,0,0,0,1,1,93.444,-36.1,4.963,no
409,33,9,2,3,0,0,0,0,1,1,93.444,-36.1,4.963,no
410,30,0,1,3,0,2,0,0,1,1,93.444,-36.1,4.963,no
411,53,6,1,3,0,0,0,0,1,1,93.444,-36.1,4.963,no
412,29,9,2,3,0,0,0,1,1,1,93.444,-36.1,4.963,yes
413,38,0,1,3,0,2,0,1,1,1,93.444,-36.1,4.963,no
414,56,11,1,4,0,0,0,1,1,1,93.79799999999999,-40.4,5.045,no
415,59,0,1,3,0,0,0,1,1,1,93.79799999999999,-40.4,4.968,no
416,39,1,1,0,0,2,0,1,1,1,93.79799999999999,-40.4,4.918,no
417,26,0,2,3,0,2,0,1,1,1,93.79799999999999,-40.4,4.912,no
418,31,0,2,3,0,2,0,1,1,1,93.79799999999999,-40.4,4.86,no
419,38,2,1,0,0,0,0,1,1,1,93.79799999999999,-40.4,4.76,no
420,25,4,1,3,0,2,0,1,1,1,93.2,-42.0,4.663,no
421,27,6,1,2,0,0,0,1,1,1,93.2,-42.0,4.663,no
422,41,0,2,1,0,2,0,1,1,1,93.2,-42.0,4.592,no
423,27,8,2,3,0,2,0,1,1,1,93.2,-42.0,4.406000000000001,no
424,36,0,1,1,0,2,0,1,1,0,93.2,-42.0,4.2860000000000005,no
425,48,7,1,4,0,0,0,0,1,1,93.2,-42.0,4.191,no
426,47,7,0,1,0,2,0,0,1,1,93.2,-42.0,4.191,no
427,49,1,0,1,0,0,0,1,1,1,93.2,-42.0,4.191,no
428,35,2,2,0,0,2,0,0,2,1,93.2,-42.0,4.191,no
429,42,0,2,1,0,2,0,0,1,0,93.2,-42.0,4.191,no
430,57,9,1,2,0,0,0,0,2,1,93.2,-42.0,4.191,no
431,35,1,0,1,0,0,2,0,2,0,93.2,-42.0,4.191,no
432,45,0,1,0,0,2,0,0,3,1,93.2,-42.0,4.191,no
433,51,0,1,3,0,0,0,0,1,1,93.2,-42.0,4.1530000000000005,no
434,37,6,0,0,0,2,0,0,1,1,93.2,-42.0,4.1530000000000005,no
435,51,9,1,4,0,0,0,0,1,1,93.2,-42.0,4.1530000000000005,no
436,39,4,2,1,1,0,0,0,1,0,93.2,-42.0,4.1530000000000005,no
437,52,4,1,3,0,1,1,0,1,1,93.2,-42.0,4.1530000000000005,no
438,40,4,1,3,0,0,0,0,2,0,93.2,-42.0,4.1530000000000005,no
439,29,4,2,3,0,0,0,0,1,1,93.2,-42.0,4.1530000000000005,no
440,46,6,1,0,1,2,0,0,1,0,93.2,-42.0,4.1530000000000005,no
441,51,1,1,0,1,0,0,0,1,1,93.2,-42.0,4.1530000000000005,no
442,49,0,1,3,0,0,0,0,1,0,93.2,-42.0,4.1530000000000005,no
443,35,9,1,2,0,0,0,0,3,1,93.2,-42.0,4.1530000000000005,no
444,41,9,1,0,0,2,0,1,2,0,93.2,-42.0,4.1530000000000005,no
445,41,1,1,2,1,2,0,0,2,1,93.2,-42.0,4.1530000000000005,no
446,38,6,1,2,0,0,0,0,2,1,93.2,-42.0,4.1530000000000005,no
447,34,9,2,2,0,2,0,0,2,1,93.2,-42.0,4.1530000000000005,no
448,39,1,1,0,0,2,0,0,4,0,93.2,-42.0,4.1530000000000005,no
449,31,9,1,3,0,0,0,0,1,0,93.2,-42.0,4.12,no
450,30,9,1,3,0,2,0,0,1,1,93.2,-42.0,4.12,no
451,33,7,2,1,0,2,0,0,2,1,93.2,-42.0,4.12,no
452,47,10,1,2,0,2,0,0,1,1,93.2,-42.0,4.12,no
453,32,2,1,1,0,2,0,0,1,1,93.2,-42.0,4.12,no
454,33,9,1,3,0,0,0,0,1,1,93.2,-42.0,4.12,no
455,30,1,1,0,0,2,0,0,1,1,93.2,-42.0,4.12,no
456,36,2,2,3,0,2,0,0,1,1,93.2,-42.0,4.12,no
457,29,4,2,3,0,0,0,0,1,1,93.2,-42.0,4.12,no
458,29,1,2,0,0,2,0,0,1,1,93.2,-42.0,4.12,no
459,36,4,1,3,0,2,0,0,2,1,93.2,-42.0,4.12,no
460,30,0,1,3,0,2,0,0,5,1,93.2,-42.0,4.12,no
461,35,0,1,3,0,2,2,0,2,1,93.2,-42.0,4.12,no
462,56,1,0,0,0,2,0,0,3,1,93.2,-42.0,4.12,no
463,37,2,1,3,0,0,0,1,2,0,93.2,-42.0,4.12,no
464,52,4,1,3,0,2,0,0,3,1,93.2,-42.0,4.12,no
465,36,4,0,1,0,0,2,0,2,1,93.2,-42.0,4.12,no
466,29,1,1,1,0,2,0,1,3,1,93.2,-42.0,4.0760000000000005,no
467,46,10,1,0,0,2,0,0,4,1,93.2,-42.0,4.0760000000000005,no
468,53,9,0,1,0,0,0,0,1,1,93.2,-42.0,4.0760000000000005,no
469,30,9,1,3,0,0,2,0,1,0,93.2,-42.0,4.0760000000000005,no
470,50,1,1,2,1,0,0,0,1,1,93.2,-42.0,4.0760000000000005,no
471,32,10,1,1,0,2,0,0,1,1,93.2,-42.0,4.0760000000000005,no
472,44,0,2,3,0,2,0,0,4,1,93.2,-42.0,4.0760000000000005,no
473,56,1,1,0,0,2,0,0,1,0,93.2,-42.0,4.0760000000000005,no
474,30,0,1,3,0,2,0,0,3,1,93.2,-42.0,4.0760000000000005,no
475,30,1,2,0,1,2,0,0,2,1,93.2,-42.0,4.0760000000000005,no
476,47,2,0,0,0,0,0,0,2,1,93.2,-42.0,4.0760000000000005,no
477,33,9,0,2,0,2,0,0,3,0,93.2,-42.0,4.0760000000000005,no
478,44,0,2,3,0,2,2,0,4,1,93.2,-42.0,4.0760000000000005,no
479,29,0,2,3,0,2,2,0,1,1,93.2,-42.0,4.0760000000000005,no
480,37,1,0,2,0,2,0,0,1,1,93.2,-42.0,4.0760000000000005,no
481,35,0,2,3,0,2,0,0,2,0,93.2,-42.0,4.0760000000000005,no
482,33,1,1,0,1,2,0,0,1,1,93.2,-42.0,4.0760000000000005,no
483,41,1,1,0,0,0,0,0,3,0,93.2,-42.0,4.0760000000000005,no
484,39,7,2,3,1,2,0,0,3,1,93.2,-42.0,4.0760000000000005,no
485,36,6,1,0,0,2,2,0,3,1,93.2,-42.0,4.0760000000000005,no
486,55,10,1,3,0,2,0,0,2,1,93.2,-42.0,4.0760000000000005,no
487,46,4,2,3,0,0,2,0,8,1,93.2,-42.0,4.0760000000000005,no
488,32,0,2,3,0,0,2,0,2,0,93.2,-42.0,4.0760000000000005,no
489,33,4,2,3,0,0,0,0,3,1,93.2,-42.0,4.0760000000000005,no
490,34,0,1,1,0,0,0,0,4,1,93.2,-42.0,4.0760000000000005,no
491,39,0,1,3,0,2,0,1,4,1,93.2,-42.0,4.0760000000000005,no
492,49,9,1,0,0,2,0,0,3,1,93.2,-42.0,4.021,no
493,46,0,1,3,0,2,0,0,1,1,93.2,-42.0,4.021,no
494,44,6,0,2,0,2,0,0,2,1,93.2,-42.0,4.021,no
495,56,4,1,0,0,2,2,0,2,0,93.2,-42.0,4.021,no
496,54,0,0,1,0,0,0,0,6,1,93.2,-42.0,4.021,no
497,43,9,2,1,0,0,0,0,2,1,93.2,-42.0,4.021,no
498,35,4,1,3,0,2,0,0,9,1,93.2,-42.0,4.021,no
499,29,9,2,2,0,0,0,0,5,1,93.2,-42.0,4.021,no
500,48,1,1,0,0,2,0,0,2,1,93.2,-42.0,4.021,no
501,26,8,2,0,0,2,2,0,4,0,92.84299999999999,-50.0,1.811,no
502,30,4,1,3,0,0,0,0,1,1,92.84299999999999,-50.0,1.811,yes
503,26,0,1,3,0,2,0,0,1,1,92.84299999999999,-50.0,1.811,no
504,26,0,1,3,0,2,0,0,5,1,92.84299999999999,-50.0,1.811,yes
505,28,0,2,1,0,2,0,0,2,1,92.84299999999999,-50.0,1.7990000000000002,yes
506,43,1,1,0,0,0,0,0,2,1,92.84299999999999,-50.0,1.7990000000000002,yes
507,24,7,2,4,0,2,0,0,13,1,92.84299999999999,-50.0,1.7990000000000002,no
508,34,9,2,2,0,2,2,0,1,1,92.84299999999999,-50.0,1.726,no
509,32,4,2,3,0,2,0,0,3,1,92.84299999999999,-50.0,1.6869999999999998,yes
510,39,0,2,1,0,2,0,0,3,1,92.84299999999999,-50.0,1.6869999999999998,yes
511,88,5,0,0,0,0,0,0,2,1,92.84299999999999,-50.0,1.663,yes
512,34,9,1,2,0,0,0,1,4,1,92.84299999999999,-50.0,1.629,no
513,24,0,2,1,0,2,2,0,1,1,92.84299999999999,-50.0,1.6019999999999999,no
514,31,0,0,3,0,2,2,0,2,0,92.84299999999999,-50.0,1.56,no
515,36,4,1,3,0,2,2,0,1,1,92.84299999999999,-50.0,1.538,no
516,22,8,2,0,0,2,0,0,1,1,92.84299999999999,-50.0,1.538,no
517,66,5,1,4,0,2,0,1,1,1,92.84299999999999,-50.0,1.531,yes
518,33,1,1,0,0,2,0,0,3,1,93.075,-47.1,1.4980000000000002,no
519,32,1,1,0,0,2,0,0,1,1,93.075,-47.1,1.479,no
520,34,1,1,0,1,2,0,1,2,2,93.075,-47.1,1.466,no
521,37,1,1,0,0,2,0,0,2,0,93.075,-47.1,1.466,no
522,63,5,1,4,0,0,0,0,1,0,93.075,-47.1,1.445,no
523,35,0,1,1,0,2,0,0,1,1,93.075,-47.1,1.445,no
524,32,7,0,1,0,0,0,0,3,1,93.075,-47.1,1.435,no
525,30,6,2,3,0,2,0,0,1,0,93.075,-47.1,1.435,no
526,37,1,1,2,0,0,0,0,1,1,93.075,-47.1,1.435,yes
527,41,9,1,2,0,2,0,0,5,0,93.075,-47.1,1.423,no
528,30,0,1,3,0,2,2,0,1,1,93.075,-47.1,1.423,no
529,28,1,2,3,0,0,0,0,3,1,93.075,-47.1,1.423,yes
530,42,6,1,3,0,2,0,0,1,0,93.075,-47.1,1.423,no
531,46,9,1,2,0,0,0,0,1,1,93.075,-47.1,1.423,yes
532,44,10,0,0,0,0,0,0,1,1,93.075,-47.1,1.415,no
533,66,5,1,0,0,2,0,0,11,1,93.075,-47.1,1.415,no
534,41,7,2,1,0,2,2,0,2,1,93.075,-47.1,1.415,no
535,26,1,1,0,0,0,0,0,2,1,93.075,-47.1,1.41,no
536,40,7,1,1,0,2,0,0,2,1,93.075,-47.1,1.41,no
537,35,0,2,1,0,2,0,0,1,1,93.075,-47.1,1.41,yes
538,33,9,1,2,0,0,0,0,1,1,93.075,-47.1,1.41,yes
539,41,1,0,0,0,0,2,0,2,1,93.075,-47.1,1.41,no
540,56,0,1,0,0,2,0,0,2,1,93.075,-47.1,1.41,no
541,45,7,0,0,0,0,0,0,1,1,93.075,-47.1,1.41,no
542,54,1,1,4,1,2,0,0,2,1,93.075,-47.1,1.405,no
543,29,0,2,3,0,0,0,0,1,1,93.075,-47.1,1.405,yes
544,32,4,2,3,0,2,0,0,1,1,93.075,-47.1,1.405,yes
545,34,1,0,0,0,2,0,0,1,0,93.075,-47.1,1.405,no
546,24,7,2,1,0,2,0,0,1,1,93.075,-47.1,1.405,yes
547,45,4,1,3,0,2,2,0,1,0,93.075,-47.1,1.405,no
548,33,9,1,2,0,0,2,0,1,0,93.075,-47.1,1.405,no
549,44,0,2,3,0,0,0,0,2,1,93.075,-47.1,1.405,yes
550,38,0,2,1,0,2,0,0,2,0,93.075,-47.1,1.405,no
551,40,7,2,1,0,0,0,0,2,1,93.075,-47.1,1.405,yes
552,48,7,0,1,0,2,0,0,3,0,93.075,-47.1,1.405,no
553,40,0,2,1,0,2,0,0,1,1,93.075,-47.1,1.405,yes
554,56,3,1,0,0,2,0,0,1,1,93.075,-47.1,1.405,no
555,54,9,1,1,0,0,0,0,3,0,93.075,-47.1,1.405,no
556,25,0,2,3,0,0,2,0,1,1,93.075,-47.1,1.405,no
557,33,3,1,0,0,2,0,0,2,1,93.075,-47.1,1.405,no
558,47,3,2,2,0,2,0,0,2,1,93.075,-47.1,1.405,yes
559,85,5,1,0,1,2,0,0,3,1,93.075,-47.1,1.405,no
560,27,7,2,1,0,2,0,0,1,1,93.075,-47.1,1.405,yes
561,23,0,2,3,0,0,0,0,1,0,93.075,-47.1,1.405,no
562,64,5,1,0,0,2,0,0,1,0,93.075,-47.1,1.405,no
563,25,0,2,1,0,2,0,0,1,1,93.075,-47.1,1.405,yes
564,54,9,1,2,0,2,0,0,2,1,93.075,-47.1,1.405,yes
565,52,1,1,0,0,2,0,0,5,1,93.075,-47.1,1.405,no
566,26,8,2,1,0,2,0,0,4,1,93.075,-47.1,1.406,yes
567,50,0,1,3,0,2,0,0,1,1,93.075,-47.1,1.4,yes
568,30,9,2,3,0,0,0,0,5,1,93.075,-47.1,1.3719999999999999,yes
569,79,5,1,0,0,2,0,0,1,1,93.075,-47.1,1.365,yes
570,53,0,2,3,0,0,0,0,1,2,93.075,-47.1,1.365,yes
571,60,0,1,1,0,0,0,0,1,2,93.075,-47.1,1.365,yes
572,41,4,1,0,0,0,0,0,1,1,93.075,-47.1,1.365,no
573,39,9,1,0,0,2,0,0,1,1,93.075,-47.1,1.365,yes
574,38,6,1,2,0,2,0,0,2,1,93.075,-47.1,1.365,yes
575,81,5,1,2,0,2,0,0,2,1,93.075,-47.1,1.365,yes
576,35,9,1,2,0,0,0,0,2,2,93.075,-47.1,1.365,yes
577,46,9,1,2,0,2,0,0,2,1,93.075,-47.1,1.365,yes
578,39,7,1,3,0,0,0,0,1,1,93.075,-47.1,1.365,yes
579,29,0,2,3,0,0,0,0,1,1,93.075,-47.1,1.365,yes
580,56,2,1,3,0,2,0,0,1,1,93.075,-47.1,1.365,yes
581,30,0,1,3,0,2,0,0,1,1,93.075,-47.1,1.365,no
582,24,8,2,1,0,0,2,0,1,1,93.075,-47.1,1.365,no
583,47,1,1,1,0,0,0,0,2,1,93.075,-47.1,1.365,no
584,28,0,2,3,0,0,2,1,1,1,93.075,-47.1,1.365,no
585,30,0,1,3,0,2,0,0,2,1,93.075,-47.1,1.365,yes
586,37,0,1,1,0,0,0,0,3,1,93.075,-47.1,1.365,no
587,61,5,0,3,0,0,0,0,2,1,93.075,-47.1,1.365,yes
588,32,1,1,2,0,2,0,0,2,1,93.075,-47.1,1.365,no
589,56,2,1,3,0,2,0,0,1,1,93.075,-47.1,1.365,yes
590,24,8,2,1,0,0,2,0,1,1,93.075,-47.1,1.365,no
591,59,3,1,2,0,0,0,0,2,1,92.89299999999999,-46.2,1.354,yes
592,49,0,1,3,0,2,2,1,1,1,92.89299999999999,-46.2,1.354,no
593,30,4,2,3,0,2,2,0,1,1,92.89299999999999,-46.2,1.354,no
594,41,9,1,4,0,2,2,0,1,2,92.89299999999999,-46.2,1.354,yes
595,28,1,1,0,1,0,0,0,2,1,92.89299999999999,-46.2,1.354,no
596,57,0,2,3,0,0,2,0,3,1,92.89299999999999,-46.2,1.354,no
597,33,1,1,1,1,2,0,0,2,1,92.89299999999999,-46.2,1.354,no
598,56,3,1,1,0,2,2,1,3,0,92.89299999999999,-46.2,1.354,no
599,22,8,2,1,0,2,2,0,3,1,92.89299999999999,-46.2,1.354,no
600,61,9,0,2,0,2,0,0,3,1,92.89299999999999,-46.2,1.354,no
601,42,0,1,3,0,2,0,0,6,1,92.89299999999999,-46.2,1.354,no
602,40,0,1,3,0,0,0,0,4,1,92.89299999999999,-46.2,1.354,no
603,48,10,1,2,0,2,2,0,4,0,92.89299999999999,-46.2,1.354,no
604,50,6,1,0,0,2,2,0,6,2,92.89299999999999,-46.2,1.354,no
605,31,7,2,0,0,0,0,0,1,1,92.89299999999999,-46.2,1.344,yes
606,35,1,2,1,0,0,0,0,1,1,92.89299999999999,-46.2,1.344,yes
607,50,9,1,4,0,2,2,0,1,1,92.89299999999999,-46.2,1.344,no
608,51,1,1,0,0,1,1,0,2,1,92.89299999999999,-46.2,1.344,no
609,49,1,1,0,1,0,0,0,1,0,92.89299999999999,-46.2,1.344,no
610,36,0,2,3,0,2,0,1,6,1,92.89299999999999,-46.2,1.344,no
611,48,1,1,0,0,2,0,0,3,1,92.89299999999999,-46.2,1.344,no
612,48,1,1,0,0,2,0,0,2,1,92.89299999999999,-46.2,1.344,no
613,41,1,2,0,0,2,2,0,1,1,92.89299999999999,-46.2,1.334,no
614,46,0,1,1,0,0,0,0,1,0,92.89299999999999,-46.2,1.334,no
615,29,1,1,0,0,0,2,0,1,1,92.89299999999999,-46.2,1.334,no
616,33,1,1,0,1,0,0,0,2,1,92.89299999999999,-46.2,1.334,no
617,31,1,1,0,1,2,0,0,2,1,92.89299999999999,-46.2,1.334,no
618,28,1,2,1,0,0,0,0,1,1,92.89299999999999,-46.2,1.327,yes
619,37,1,1,0,0,0,0,0,1,1,92.89299999999999,-46.2,1.327,no
620,31,7,0,1,1,2,0,0,1,1,92.89299999999999,-46.2,1.327,no
621,37,6,1,0,0,0,0,0,1,1,92.89299999999999,-46.2,1.327,no
622,36,1,1,0,0,0,0,0,1,1,92.89299999999999,-46.2,1.327,no
623,29,1,1,0,0,0,0,0,2,1,92.89299999999999,-46.2,1.327,no
624,39,4,1,2,0,2,0,0,1,2,92.89299999999999,-46.2,1.327,yes
625,32,0,1,3,0,0,0,0,1,2,92.89299999999999,-46.2,1.327,yes
626,41,6,1,0,0,2,0,0,3,0,92.89299999999999,-46.2,1.327,no
627,56,1,1,0,0,0,0,0,1,1,92.89299999999999,-46.2,1.327,no
628,34,1,1,0,0,0,2,0,1,1,92.89299999999999,-46.2,1.3130000000000002,no
629,49,1,2,4,1,2,0,0,1,0,92.89299999999999,-46.2,1.3130000000000002,no
630,34,1,1,3,0,0,2,0,4,1,92.89299999999999,-46.2,1.3130000000000002,no
631,35,0,1,3,0,2,0,0,1,1,92.89299999999999,-46.2,1.3130000000000002,no
632,34,9,1,2,0,0,0,0,2,0,92.89299999999999,-46.2,1.3130000000000002,no
633,33,0,2,3,0,0,0,0,1,1,92.89299999999999,-46.2,1.2990000000000002,yes
634,30,1,1,0,0,2,0,0,1,0,92.89299999999999,-46.2,1.2990000000000002,no
635,30,9,2,2,0,2,0,0,1,1,92.89299999999999,-46.2,1.2990000000000002,yes
636,27,9,2,0,0,0,2,0,1,2,92.89299999999999,-46.2,1.2990000000000002,yes
637,31,4,2,3,0,2,2,0,1,1,92.89299999999999,-46.2,1.2990000000000002,no
638,26,0,2,1,0,0,0,0,2,1,92.89299999999999,-46.2,1.2990000000000002,yes
639,45,4,1,0,1,2,0,0,1,0,92.89299999999999,-46.2,1.2990000000000002,no
640,35,1,1,0,0,0,2,0,2,0,92.89299999999999,-46.2,1.2990000000000002,no
641,47,0,2,1,0,2,0,0,3,1,92.89299999999999,-46.2,1.2990000000000002,no
642,31,1,1,0,0,0,0,0,3,0,92.89299999999999,-46.2,1.291,no
643,40,7,0,1,0,0,0,0,1,1,92.89299999999999,-46.2,1.291,no
644,27,1,2,0,0,0,0,0,1,0,92.89299999999999,-46.2,1.291,no
645,29,1,1,0,1,0,0,0,1,0,92.89299999999999,-46.2,1.291,no
646,45,0,1,3,0,2,2,0,1,1,92.89299999999999,-46.2,1.291,no
647,47,0,0,1,0,2,0,0,1,0,92.89299999999999,-46.2,1.291,no
648,43,9,2,3,0,0,2,1,2,1,92.89299999999999,-46.2,1.291,no
649,32,0,1,3,0,2,0,0,2,1,92.89299999999999,-46.2,1.291,no
650,35,1,1,0,0,0,0,0,2,0,92.89299999999999,-46.2,1.291,no
651,47,0,0,3,1,0,0,0,2,1,92.89299999999999,-46.2,1.281,no
652,38,6,1,0,0,2,2,0,3,1,92.89299999999999,-46.2,1.281,no
653,34,1,1,1,0,0,0,0,1,1,92.89299999999999,-46.2,1.281,no
654,24,0,1,0,0,2,0,0,1,2,92.89299999999999,-46.2,1.281,yes
655,33,7,2,1,0,2,0,0,1,0,92.89299999999999,-46.2,1.281,no
656,48,0,0,4,0,2,0,0,6,1,92.89299999999999,-46.2,1.281,no
657,32,1,1,0,1,2,0,0,1,1,92.89299999999999,-46.2,1.281,no
658,29,1,1,0,0,0,0,0,1,1,92.89299999999999,-46.2,1.281,no
659,33,4,1,0,0,2,2,0,1,1,92.89299999999999,-46.2,1.281,no
660,33,1,2,0,1,0,0,0,1,1,92.89299999999999,-46.2,1.281,no
661,35,1,1,0,0,0,0,1,3,1,92.89299999999999,-46.2,1.281,no
662,45,1,2,0,0,2,0,0,2,1,92.89299999999999,-46.2,1.281,no
663,41,7,1,1,0,2,0,0,2,1,92.89299999999999,-46.2,1.281,no
664,23,7,1,1,0,2,0,0,3,1,92.89299999999999,-46.2,1.281,yes
665,51,1,1,1,0,2,0,0,1,0,92.89299999999999,-46.2,1.281,no
666,34,1,1,4,1,2,0,1,3,1,92.89299999999999,-46.2,1.281,no
667,38,1,1,0,0,2,0,0,5,1,92.89299999999999,-46.2,1.281,no
668,43,0,1,1,0,2,0,1,2,0,92.89299999999999,-46.2,1.281,no
669,30,0,2,1,0,0,0,0,2,0,92.89299999999999,-46.2,1.281,no
670,28,7,2,1,0,0,0,0,2,1,92.89299999999999,-46.2,1.281,yes
671,44,7,0,1,0,2,0,0,1,1,92.89299999999999,-46.2,1.266,no
672,42,1,1,0,0,0,0,1,1,1,92.89299999999999,-46.2,1.266,no
673,32,6,2,2,1,0,0,0,3,1,92.89299999999999,-46.2,1.266,no
674,33,4,1,2,0,0,0,0,1,1,92.89299999999999,-46.2,1.266,no
675,29,7,1,1,0,2,0,0,2,1,92.89299999999999,-46.2,1.266,yes
676,24,0,2,1,0,0,0,0,2,1,92.89299999999999,-46.2,1.266,yes
677,57,0,1,0,0,0,0,0,1,1,92.89299999999999,-46.2,1.266,no
678,23,9,2,1,0,0,0,0,1,1,92.89299999999999,-46.2,1.266,yes
679,33,1,1,0,1,0,0,0,2,1,92.89299999999999,-46.2,1.266,no
680,26,9,2,2,0,2,0,0,1,1,92.89299999999999,-46.2,1.266,yes
681,31,1,1,0,0,0,0,0,1,1,92.89299999999999,-46.2,1.266,no
682,31,1,1,0,0,0,0,0,2,1,92.89299999999999,-46.2,1.266,no
683,31,1,1,0,0,0,2,0,2,0,92.89299999999999,-46.2,1.266,no
684,35,7,2,1,0,0,2,1,7,0,92.89299999999999,-46.2,1.266,no
685,44,0,1,1,0,2,2,0,4,1,92.89299999999999,-46.2,1.25,no
686,41,4,1,3,0,0,0,0,1,1,92.89299999999999,-46.2,1.25,yes
687,30,4,1,3,0,0,0,0,1,0,92.89299999999999,-46.2,1.25,no
688,45,1,2,1,0,2,0,0,1,1,92.89299999999999,-46.2,1.25,yes
689,54,7,2,0,1,2,0,0,1,1,92.89299999999999,-46.2,1.25,no
690,58,0,1,0,1,0,0,0,1,1,92.89299999999999,-46.2,1.25,no
691,51,0,1,1,0,0,2,0,1,0,92.89299999999999,-46.2,1.25,no
692,31,0,2,3,0,2,2,0,4,0,92.89299999999999,-46.2,1.25,no
693,28,0,2,3,0,2,0,0,4,0,92.89299999999999,-46.2,1.25,no
694,36,9,1,1,0,2,2,0,1,1,92.89299999999999,-46.2,1.25,no
695,24,1,2,1,0,2,0,0,3,1,92.89299999999999,-46.2,1.25,yes
696,31,0,2,0,0,0,0,0,4,1,92.89299999999999,-46.2,1.25,no
697,34,4,0,4,0,2,0,0,3,0,92.89299999999999,-46.2,1.25,no
698,50,0,2,1,0,0,2,0,8,1,92.89299999999999,-46.2,1.25,no
699,41,4,0,1,0,0,0,0,1,0,92.89299999999999,-46.2,1.244,no
700,33,0,2,2,0,2,0,0,1,1,92.89299999999999,-46.2,1.244,yes
701,33,0,2,2,0,0,0,0,1,0,92.89299999999999,-46.2,1.244,no
702,46,9,0,2,0,2,0,0,1,1,92.89299999999999,-46.2,1.244,no
703,30,7,2,1,0,0,0,0,3,1,92.89299999999999,-46.2,1.244,yes
704,39,9,1,2,0,2,2,0,1,1,92.89299999999999,-46.2,1.244,no
705,32,1,0,0,0,0,0,0,2,1,92.89299999999999,-46.2,1.244,no
706,58,4,1,3,0,2,0,0,2,1,92.89299999999999,-46.2,1.244,yes
707,37,4,0,3,0,2,0,0,3,2,92.89299999999999,-46.2,1.244,yes
708,40,9,2,2,0,2,0,0,1,0,92.89299999999999,-46.2,1.2590000000000001,no
709,27,0,1,1,0,2,0,0,2,1,92.89299999999999,-46.2,1.2590000000000001,no
710,55,10,1,0,0,0,2,0,1,1,92.89299999999999,-46.2,1.264,no
711,54,0,2,3,0,2,0,0,1,1,92.89299999999999,-46.2,1.264,yes
712,54,0,2,3,0,0,0,0,1,1,92.89299999999999,-46.2,1.264,yes
713,37,9,1,3,0,2,0,0,1,2,92.89299999999999,-46.2,1.264,yes
714,36,0,1,3,0,2,0,0,1,1,92.89299999999999,-46.2,1.264,no
715,30,0,2,1,0,2,0,0,2,1,92.89299999999999,-46.2,1.264,no
716,28,6,2,3,0,0,2,0,1,1,92.89299999999999,-46.2,1.264,no
717,33,1,1,0,0,2,0,0,1,1,92.89299999999999,-46.2,1.266,no
718,27,8,2,1,0,2,2,0,1,1,92.89299999999999,-46.2,1.266,no
719,35,0,1,1,0,0,0,0,2,1,92.89299999999999,-46.2,1.266,no
720,25,0,2,3,0,2,0,0,1,1,92.89299999999999,-46.2,1.266,yes
721,39,0,1,1,0,0,0,0,2,1,92.89299999999999,-46.2,1.266,no
722,29,9,2,1,0,0,2,0,1,1,92.89299999999999,-46.2,1.266,no
723,32,0,2,3,0,1,1,0,2,1,92.89299999999999,-46.2,1.266,no
724,34,0,1,3,0,2,0,1,2,1,92.89299999999999,-46.2,1.27,no
725,24,0,2,3,0,2,0,0,2,1,92.89299999999999,-46.2,1.27,yes
726,33,0,2,3,0,2,0,0,1,1,92.89299999999999,-46.2,1.27,yes
727,60,0,1,3,0,2,0,0,3,2,92.963,-40.8,1.266,yes
728,32,9,2,3,0,0,0,0,1,1,92.963,-40.8,1.266,no
729,32,0,2,3,0,2,0,0,1,1,92.963,-40.8,1.266,yes
730,26,9,0,3,0,0,0,0,1,1,92.963,-40.8,1.262,no
731,32,0,2,1,0,2,0,0,1,1,92.963,-40.8,1.262,no
732,41,2,1,1,0,2,0,0,1,1,92.963,-40.8,1.262,no
733,52,11,1,2,1,2,2,0,1,1,92.963,-40.8,1.262,no
734,26,0,2,3,0,1,1,0,2,2,92.963,-40.8,1.262,yes
735,43,0,1,3,0,2,0,0,1,1,92.963,-40.8,1.262,no
736,28,0,2,1,0,2,0,0,1,0,92.963,-40.8,1.262,no
737,30,0,2,3,0,2,0,0,1,1,92.963,-40.8,1.262,yes
738,33,0,2,3,0,0,0,0,3,1,92.963,-40.8,1.262,no
739,28,9,2,2,0,2,0,0,2,1,92.963,-40.8,1.26,no
740,31,7,1,1,0,0,0,0,4,1,92.963,-40.8,1.26,no
741,58,1,1,0,0,2,0,0,1,1,92.963,-40.8,1.26,no
742,29,7,2,1,0,2,2,0,2,0,92.963,-40.8,1.26,no
743,40,2,1,0,0,0,0,0,1,1,92.963,-40.8,1.26,no
744,35,0,1,3,0,0,0,0,3,1,92.963,-40.8,1.26,no
745,53,1,1,0,0,2,0,0,2,2,92.963,-40.8,1.26,yes
746,29,0,2,3,0,2,2,0,1,1,92.963,-40.8,1.26,no
747,21,8,2,1,0,0,0,0,1,1,92.963,-40.8,1.26,no
748,42,0,1,3,0,0,0,0,1,1,92.963,-40.8,1.26,no
749,30,0,1,3,0,2,0,0,2,2,92.963,-40.8,1.26,yes
750,32,0,1,3,0,0,2,0,3,2,92.963,-40.8,1.26,yes
751,35,0,1,3,0,0,0,0,4,1,92.963,-40.8,1.26,no
752,53,1,1,0,0,0,2,0,2,1,92.963,-40.8,1.26,no
753,32,0,2,3,0,0,0,0,1,1,92.963,-40.8,1.268,yes
754,59,0,1,3,1,2,0,0,1,1,92.963,-40.8,1.268,no
755,51,0,2,3,0,0,0,0,2,1,92.963,-40.8,1.268,no
756,20,8,2,1,0,2,0,0,2,1,92.963,-40.8,1.268,no
757,49,7,1,1,0,0,0,0,4,1,92.963,-40.8,1.286,no
758,25,10,1,3,0,0,0,0,2,1,92.963,-40.8,1.286,no
759,22,9,2,3,0,2,0,0,4,0,92.963,-40.8,1.268,no
760,33,10,1,3,0,2,0,0,3,1,92.963,-40.8,1.26,no
761,20,9,2,4,0,0,0,0,1,1,92.963,-40.8,1.26,no
762,30,0,1,3,0,2,0,0,1,1,92.963,-40.8,1.26,no
763,35,4,1,3,0,0,0,0,2,1,92.963,-40.8,1.252,no
764,58,5,1,0,0,2,0,0,2,1,92.963,-40.8,1.252,no
765,44,10,2,0,0,2,0,1,2,1,92.963,-40.8,1.252,no
766,24,0,2,3,0,2,0,0,3,0,92.963,-40.8,1.244,no
767,25,0,1,3,0,2,0,0,3,1,92.963,-40.8,1.215,no
768,40,1,1,2,0,0,0,1,1,0,92.963,-40.8,1.215,no
769,32,9,2,2,0,2,2,0,1,1,92.963,-40.8,1.215,no
770,36,2,2,0,0,0,0,0,1,1,92.963,-40.8,1.099,no
771,36,2,2,0,0,0,0,0,1,1,92.963,-40.8,1.099,no
772,56,4,1,2,0,0,0,0,2,1,92.469,-33.6,1.085,yes
773,24,6,2,4,0,0,2,0,2,1,92.469,-33.6,1.072,no
774,50,0,1,3,0,2,0,0,5,1,92.469,-33.6,1.072,no
775,47,1,1,2,0,2,0,0,1,1,92.469,-33.6,1.0590000000000002,yes
776,27,0,2,4,0,2,0,1,1,1,92.469,-33.6,1.044,yes
777,40,0,1,3,0,2,0,0,1,1,92.469,-33.6,1.044,yes
778,36,9,1,2,0,2,0,0,3,1,92.469,-33.6,1.0290000000000001,yes
779,23,1,2,1,0,0,0,0,2,1,92.469,-33.6,1.0070000000000001,yes
780,33,0,0,3,0,0,2,0,3,1,92.469,-33.6,0.927,no
781,26,9,2,3,0,2,0,0,2,0,92.20100000000001,-31.4,0.884,yes
782,59,0,1,1,0,2,0,0,2,2,92.20100000000001,-31.4,0.884,yes
783,31,9,0,2,0,2,0,0,2,0,92.20100000000001,-31.4,0.883,yes
784,36,4,1,3,0,0,0,0,2,1,92.20100000000001,-31.4,0.884,no
785,59,0,0,2,0,1,1,0,1,2,92.20100000000001,-31.4,0.883,yes
786,26,8,2,0,0,2,0,0,1,1,92.20100000000001,-31.4,0.879,yes
787,32,9,1,2,0,2,0,0,1,1,92.20100000000001,-31.4,0.879,yes
788,28,0,2,3,0,0,0,0,5,1,92.20100000000001,-31.4,0.873,no
789,36,0,1,3,0,2,2,0,2,0,92.20100000000001,-31.4,0.873,no
790,46,0,1,3,0,2,0,0,1,0,92.20100000000001,-31.4,0.873,yes
791,34,3,1,3,0,0,2,0,2,2,92.20100000000001,-31.4,0.873,yes
792,39,10,1,1,0,0,0,0,3,1,92.20100000000001,-31.4,0.873,no
793,35,9,1,2,0,2,0,0,1,1,92.20100000000001,-31.4,0.8690000000000001,yes
794,61,4,1,3,0,2,0,0,2,2,92.20100000000001,-31.4,0.8690000000000001,yes
795,73,5,1,0,0,0,0,0,1,1,92.20100000000001,-31.4,0.861,yes
796,48,9,1,1,0,2,0,0,1,1,92.20100000000001,-31.4,0.861,yes
797,32,9,2,3,0,2,0,0,2,1,92.20100000000001,-31.4,0.8540000000000001,yes
798,74,5,1,3,0,2,2,0,3,1,92.20100000000001,-31.4,0.8540000000000001,no
799,34,0,2,3,0,0,0,0,1,1,92.20100000000001,-31.4,0.8540000000000001,no
800,24,0,2,3,0,0,0,0,1,0,92.20100000000001,-31.4,0.851,yes
801,87,5,0,0,0,0,0,0,1,1,92.20100000000001,-31.4,0.8490000000000001,yes
802,74,5,1,0,1,2,0,0,2,2,92.20100000000001,-31.4,0.843,yes
803,25,0,2,3,0,0,0,1,3,1,92.20100000000001,-31.4,0.838,yes
804,31,0,2,3,0,0,0,0,1,2,92.20100000000001,-31.4,0.8290000000000001,yes
805,27,4,2,3,0,2,0,0,2,2,92.37899999999999,-29.8,0.8190000000000001,yes
806,60,5,1,2,0,2,0,0,1,2,92.37899999999999,-29.8,0.809,yes
807,46,0,1,1,0,2,2,0,3,1,92.37899999999999,-29.8,0.8029999999999999,no
808,59,0,1,4,0,0,2,0,4,0,92.37899999999999,-29.8,0.797,no
809,30,4,1,3,0,2,0,1,1,0,92.37899999999999,-29.8,0.797,no
810,31,0,2,1,0,2,0,0,1,1,92.37899999999999,-29.8,0.773,yes
811,71,5,1,4,0,2,0,0,4,1,92.37899999999999,-29.8,0.773,no
812,38,0,2,3,1,2,0,0,1,2,92.37899999999999,-29.8,0.768,no
813,44,9,1,2,0,2,0,0,1,2,92.37899999999999,-29.8,0.755,yes
814,22,7,2,2,0,2,2,0,1,2,92.37899999999999,-29.8,0.755,yes
815,50,4,1,3,0,2,0,0,2,2,92.431,-26.9,0.754,yes
816,43,4,2,3,0,2,0,0,1,1,92.431,-26.9,0.7440000000000001,yes
817,65,5,1,1,0,2,0,0,2,1,92.431,-26.9,0.7440000000000001,yes
818,80,5,0,0,0,0,0,0,1,1,92.431,-26.9,0.7440000000000001,yes
819,75,5,1,0,0,0,0,0,1,1,92.431,-26.9,0.743,no
820,71,5,2,3,0,0,0,1,1,1,92.431,-26.9,0.742,yes
821,30,4,1,3,0,2,0,0,2,1,92.431,-26.9,0.742,yes
822,58,10,1,0,0,0,2,0,1,0,92.431,-26.9,0.742,yes
823,74,5,1,4,0,2,2,0,1,1,92.431,-26.9,0.742,no
824,74,5,1,0,0,2,0,0,2,2,92.431,-26.9,0.74,yes
825,28,7,1,0,0,2,0,0,1,2,92.431,-26.9,0.7390000000000001,yes
826,39,9,1,3,0,0,0,0,1,2,92.431,-26.9,0.7390000000000001,yes
827,49,0,2,1,0,2,0,0,2,1,92.431,-26.9,0.7390000000000001,yes
828,32,0,1,3,0,2,0,0,2,2,92.431,-26.9,0.735,yes
829,29,1,2,0,0,0,2,0,2,1,92.431,-26.9,0.735,no
830,56,5,1,2,0,0,0,0,1,2,92.431,-26.9,0.733,yes
831,24,0,2,3,0,2,2,1,1,1,92.431,-26.9,0.733,yes
832,24,8,2,4,0,2,0,0,1,1,92.431,-26.9,0.73,yes
833,65,3,1,0,0,1,1,0,2,1,92.431,-26.9,0.728,no
834,68,5,0,2,0,2,0,0,2,1,92.431,-26.9,0.728,yes
835,33,0,2,3,0,0,0,0,1,0,92.431,-26.9,0.722,yes
836,72,5,1,0,0,2,2,0,3,1,92.431,-26.9,0.722,no
837,69,5,1,0,0,2,2,0,3,1,92.431,-26.9,0.72,no
838,37,0,0,1,0,2,2,1,5,1,92.649,-30.1,0.722,yes
839,34,0,2,1,0,2,0,0,2,0,92.649,-30.1,0.722,yes
840,40,0,0,3,0,0,0,0,2,0,92.649,-30.1,0.72,yes
841,22,9,2,2,0,2,0,0,1,1,92.649,-30.1,0.72,yes
842,26,9,2,2,0,0,2,0,1,0,92.649,-30.1,0.7190000000000001,no
843,73,5,1,3,0,0,2,0,7,1,92.649,-30.1,0.716,no
844,54,0,1,1,0,2,0,0,1,2,92.649,-30.1,0.716,yes
845,53,4,0,3,0,0,2,0,2,2,92.649,-30.1,0.716,yes
846,24,10,1,1,0,2,0,0,1,0,92.649,-30.1,0.715,yes
847,41,0,1,3,0,0,0,1,2,2,92.649,-30.1,0.715,yes
848,33,0,1,3,0,2,0,0,2,2,92.649,-30.1,0.715,yes
849,41,0,1,3,0,2,0,0,1,2,92.649,-30.1,0.715,yes
850,79,5,1,0,0,0,2,0,2,2,92.649,-30.1,0.715,yes
851,37,7,1,1,0,0,0,0,2,0,92.649,-30.1,0.715,yes
852,29,0,2,3,0,0,2,0,1,2,92.649,-30.1,0.715,yes
853,38,0,1,3,0,0,0,1,1,2,92.649,-30.1,0.7140000000000001,yes
854,43,4,1,1,0,0,0,0,1,1,92.649,-30.1,0.7140000000000001,yes
855,32,6,1,3,0,2,0,0,1,0,92.649,-30.1,0.7140000000000001,yes
856,18,8,2,1,0,0,0,0,2,0,92.649,-30.1,0.7140000000000001,yes
857,61,5,1,0,0,2,0,0,1,0,92.649,-30.1,0.7140000000000001,yes
858,30,1,2,1,0,1,1,0,5,1,92.649,-30.1,0.7140000000000001,no
859,24,8,2,4,0,2,0,0,2,2,92.649,-30.1,0.716,yes
860,31,9,2,3,0,0,0,0,1,1,92.649,-30.1,0.716,yes
861,48,4,0,3,0,2,0,0,1,2,92.649,-30.1,0.716,yes
862,46,0,1,3,0,1,1,0,10,1,92.713,-33.0,0.718,no
863,36,0,2,1,0,1,1,0,1,0,92.713,-33.0,0.7170000000000001,yes
864,50,9,1,1,0,0,0,0,3,1,92.713,-33.0,0.7170000000000001,no
865,65,4,1,4,0,2,0,1,3,0,92.713,-33.0,0.715,no
866,55,0,1,2,0,2,0,0,1,2,92.713,-33.0,0.7140000000000001,yes
867,64,3,1,0,0,0,0,0,1,1,92.713,-33.0,0.7140000000000001,yes
868,56,5,1,0,0,0,0,0,4,1,92.713,-33.0,0.7140000000000001,no
869,70,5,1,0,0,0,0,0,2,1,92.713,-33.0,0.715,yes
870,41,0,1,3,0,2,0,0,1,1,92.713,-33.0,0.7070000000000001,yes
871,46,9,1,2,0,2,0,1,1,1,92.713,-33.0,0.706,yes
872,27,9,2,3,0,2,0,0,3,2,92.713,-33.0,0.7070000000000001,yes
873,66,5,1,2,0,0,0,0,1,0,93.369,-34.8,0.655,yes
874,53,9,1,1,0,2,0,0,2,1,93.369,-34.8,0.655,yes
875,33,0,1,3,0,2,0,0,3,2,93.369,-34.8,0.655,yes
876,38,1,2,1,0,2,0,0,1,0,93.369,-34.8,0.655,yes
877,37,0,2,1,0,0,0,0,2,2,93.369,-34.8,0.655,yes
878,34,0,1,2,0,2,0,0,3,0,93.369,-34.8,0.654,yes
879,36,0,2,3,0,0,0,0,1,1,93.369,-34.8,0.652,yes
880,34,0,2,3,0,0,0,1,1,2,93.369,-34.8,0.652,yes
881,34,0,2,3,0,0,2,0,1,1,93.369,-34.8,0.652,no
882,38,1,2,1,0,0,0,1,3,2,93.369,-34.8,0.652,yes
883,38,3,2,1,0,2,0,0,1,2,93.369,-34.8,0.649,yes
884,80,5,1,0,0,0,0,0,3,2,93.369,-34.8,0.649,yes
885,30,4,1,3,0,2,0,0,3,1,93.369,-34.8,0.6459999999999999,yes
886,52,9,1,0,0,0,0,0,3,1,93.369,-34.8,0.644,yes
887,28,0,2,3,0,0,0,0,1,1,93.369,-34.8,0.643,yes
888,29,9,2,2,0,2,2,0,2,2,93.369,-34.8,0.643,yes
889,78,5,1,4,0,0,0,0,1,2,93.369,-34.8,0.635,yes
890,66,3,0,0,0,2,0,0,1,2,93.369,-34.8,0.635,yes
891,58,7,1,1,0,0,0,0,2,2,93.369,-34.8,0.635,yes
892,68,5,0,0,0,2,0,0,2,2,93.369,-34.8,0.635,yes
893,56,0,2,3,0,2,0,0,1,0,93.369,-34.8,0.634,yes
894,41,0,0,1,0,0,0,1,2,1,93.749,-34.6,0.635,yes
895,82,3,0,0,0,1,1,0,6,1,93.749,-34.6,0.638,no
896,37,9,1,2,0,2,0,1,1,1,93.749,-34.6,0.642,yes
897,36,0,2,0,0,2,2,1,1,1,93.749,-34.6,0.644,yes
898,48,0,1,3,0,2,0,0,1,1,93.749,-34.6,0.644,yes
899,35,0,1,3,0,2,0,0,1,2,93.749,-34.6,0.644,yes
900,50,9,2,3,0,2,0,1,1,1,93.749,-34.6,0.644,yes
901,82,5,0,0,0,0,0,0,1,2,93.749,-34.6,0.643,yes
902,85,3,1,0,1,0,0,0,6,2,93.749,-34.6,0.642,yes
903,85,3,1,0,1,2,0,0,1,0,93.749,-34.6,0.642,no
904,45,4,1,4,0,2,0,0,3,2,93.749,-34.6,0.642,yes
905,61,5,1,1,0,2,0,0,4,1,93.749,-34.6,0.642,yes
906,80,5,0,0,0,2,0,1,1,1,93.749,-34.6,0.642,yes
907,53,3,1,3,0,2,0,0,1,2,93.749,-34.6,0.644,yes
908,47,0,1,1,0,2,0,0,1,0,93.749,-34.6,0.645,yes
909,46,0,1,1,0,0,0,0,3,1,93.749,-34.6,0.645,yes
910,31,8,2,3,0,2,2,0,1,2,93.749,-34.6,0.6629999999999999,yes
911,24,8,2,1,0,2,0,0,2,2,93.876,-40.0,0.6679999999999999,yes
912,30,8,2,1,0,0,0,0,2,2,93.876,-40.0,0.682,yes
913,92,5,1,4,0,2,0,0,1,2,93.876,-40.0,0.6829999999999999,yes
914,41,10,1,0,0,2,0,0,1,2,93.876,-40.0,0.6829999999999999,yes
915,60,4,1,4,0,2,0,0,3,2,93.876,-40.0,0.6829999999999999,yes
916,29,0,1,3,0,2,2,0,3,0,93.876,-40.0,0.684,no
917,65,0,1,3,0,2,0,0,3,0,93.876,-40.0,0.684,yes
918,29,8,2,3,0,2,0,0,1,0,93.876,-40.0,0.685,yes
919,63,5,1,2,0,2,2,0,2,2,93.876,-40.0,0.685,yes
920,31,0,1,2,0,2,2,0,2,1,93.876,-40.0,0.6920000000000001,yes
921,36,0,1,3,0,2,0,0,1,1,93.876,-40.0,0.6970000000000001,yes
922,64,3,1,4,0,2,0,1,3,1,93.876,-40.0,0.6970000000000001,no
923,37,8,0,3,0,2,0,0,1,0,93.876,-40.0,0.6990000000000001,yes
924,43,9,1,2,0,0,0,0,1,0,93.876,-40.0,0.6990000000000001,yes
925,38,1,1,0,0,2,0,0,1,0,94.055,-39.8,0.7070000000000001,yes
926,36,4,0,3,0,2,0,0,1,2,94.055,-39.8,0.72,yes
927,21,8,2,1,0,2,0,0,1,1,94.055,-39.8,0.72,yes
928,35,0,2,3,0,2,0,0,1,2,94.055,-39.8,0.72,yes
929,22,8,2,1,0,0,2,0,1,0,94.055,-39.8,0.72,yes
930,28,7,2,3,0,0,0,1,1,1,94.055,-39.8,0.72,no
931,28,4,2,3,0,2,0,0,1,1,94.055,-39.8,0.7290000000000001,yes
932,65,11,1,4,0,2,0,0,2,2,94.055,-39.8,0.7290000000000001,yes
933,36,0,2,3,0,0,0,0,1,2,94.055,-39.8,0.7390000000000001,yes
934,36,1,2,1,0,0,0,0,1,2,94.055,-39.8,0.7390000000000001,yes
935,37,0,1,1,0,0,0,0,3,1,94.055,-39.8,0.7390000000000001,yes
936,34,0,2,3,0,2,0,0,1,1,94.055,-39.8,0.754,yes
937,32,1,2,1,0,0,0,0,1,2,94.055,-39.8,0.754,yes
938,37,6,1,3,0,0,0,1,1,1,94.055,-39.8,0.754,no
939,62,1,1,1,0,2,0,0,4,2,94.055,-39.8,0.754,yes
940,76,5,1,2,1,2,0,0,1,2,94.055,-39.8,0.7609999999999999,yes
941,25,8,2,1,0,2,2,0,2,2,94.055,-39.8,0.7609999999999999,yes
942,34,10,2,3,0,2,0,0,2,1,94.055,-39.8,0.7609999999999999,yes
943,27,11,2,3,0,2,0,0,4,2,94.055,-39.8,0.767,yes
944,27,11,2,3,0,2,0,0,3,1,94.055,-39.8,0.767,yes
945,48,0,2,3,0,2,0,0,2,2,94.215,-40.3,0.79,yes
946,75,5,1,3,0,2,0,0,1,0,94.215,-40.3,0.81,yes
947,79,5,1,0,0,0,2,0,1,0,94.215,-40.3,0.8220000000000001,yes
948,39,0,0,3,0,0,2,0,3,1,94.215,-40.3,0.8270000000000001,yes
949,35,9,2,2,0,0,0,0,4,1,94.215,-40.3,0.8270000000000001,no
950,59,5,0,0,0,2,2,0,1,2,94.215,-40.3,0.8270000000000001,yes
951,32,7,2,4,0,0,2,0,2,1,94.215,-40.3,0.846,yes
952,54,5,2,0,0,2,0,0,4,1,94.215,-40.3,0.846,yes
953,22,0,2,3,0,2,0,1,1,0,94.215,-40.3,0.87,no
954,56,9,1,2,0,2,0,0,2,2,94.215,-40.3,0.87,yes
955,78,5,1,0,0,0,0,0,1,1,94.215,-40.3,0.87,yes
956,59,4,1,0,0,2,0,0,3,1,94.215,-40.3,0.885,yes
957,42,11,2,3,0,0,0,0,6,1,94.215,-40.3,0.885,no
958,42,11,2,3,0,2,0,0,1,0,94.215,-40.3,0.885,yes
959,51,9,1,1,0,0,0,0,1,2,94.215,-40.3,0.889,yes
960,65,4,1,3,0,2,0,0,1,0,94.215,-40.3,0.889,yes
961,68,5,1,3,0,0,0,0,2,2,94.215,-40.3,0.889,yes
962,23,8,2,4,0,0,0,0,1,0,94.215,-40.3,0.893,yes
963,48,3,1,2,0,0,0,0,3,2,94.215,-40.3,0.8959999999999999,yes
964,80,5,0,0,0,0,2,0,2,2,94.215,-40.3,0.899,yes
965,48,1,1,2,0,0,0,1,1,1,94.215,-40.3,0.899,no
966,53,7,1,0,0,2,0,1,2,0,94.027,-38.3,0.898,no
967,37,4,1,1,0,2,0,0,1,1,94.027,-38.3,0.904,yes
968,58,9,1,0,0,2,0,0,1,1,94.027,-38.3,0.904,yes
969,92,5,1,4,0,0,2,0,1,2,94.027,-38.3,0.904,yes
970,50,0,2,3,0,0,0,0,1,2,94.027,-38.3,0.904,yes
971,52,4,1,3,0,2,0,0,3,2,94.027,-38.3,0.899,yes
972,49,4,0,3,0,2,0,1,1,1,94.027,-38.3,0.888,no
973,76,5,0,0,0,0,0,0,1,0,94.027,-38.3,0.8859999999999999,yes
974,81,5,0,0,0,0,0,0,2,2,94.199,-37.5,0.8859999999999999,yes
975,47,4,1,3,0,0,0,0,1,2,94.199,-37.5,0.884,yes
976,60,5,1,3,0,0,0,0,2,1,94.199,-37.5,0.884,yes
977,51,9,1,2,0,2,0,0,2,0,94.199,-37.5,0.882,yes
978,31,8,2,4,0,1,1,0,2,2,94.199,-37.5,0.88,yes
979,19,8,2,0,0,2,0,0,2,2,94.199,-37.5,0.879,yes
980,23,8,2,0,0,2,0,0,1,1,94.199,-37.5,0.879,yes
981,26,9,2,3,0,0,0,0,1,1,94.199,-37.5,0.879,yes
982,33,0,1,3,0,0,0,0,2,1,94.199,-37.5,0.879,yes
983,36,0,0,3,0,2,2,0,3,1,94.199,-37.5,0.879,yes
984,33,10,2,4,0,2,0,0,2,0,94.199,-37.5,0.879,yes
985,48,7,1,0,0,0,0,0,2,1,94.199,-37.5,0.879,yes
986,42,0,0,3,0,2,0,0,1,0,94.199,-37.5,0.8859999999999999,yes
987,47,0,1,1,0,2,0,0,1,0,94.601,-49.5,0.972,no
988,31,1,2,0,0,0,0,1,1,1,94.601,-49.5,0.982,no
989,20,8,2,4,0,2,2,0,1,2,94.601,-49.5,0.982,yes
990,49,0,1,1,1,0,0,0,1,2,94.601,-49.5,0.985,no
991,65,5,1,0,0,2,2,0,1,2,94.601,-49.5,0.985,yes
992,54,0,1,1,0,0,0,0,2,2,94.601,-49.5,0.985,yes
993,54,6,1,3,0,2,0,0,4,0,94.601,-49.5,0.987,no
994,68,5,0,1,0,2,2,0,1,2,94.601,-49.5,1.0,yes
995,44,0,1,3,0,2,0,0,1,1,94.601,-49.5,1.0,yes
996,31,0,2,3,0,1,1,0,1,2,94.601,-49.5,1.008,yes
997,54,7,0,1,0,2,0,0,3,0,94.601,-49.5,1.016,no
998,28,0,2,3,0,0,0,0,1,2,94.601,-49.5,1.032,yes
999,33,0,2,3,0,2,0,0,5,1,94.601,-49.5,1.032,yes
1000,34,0,1,3,0,0,0,0,1,2,94.76700000000001,-50.8,1.048,yes
1001,63,5,1,0,0,2,0,0,1,2,94.76700000000001,-50.8,1.0490000000000002,yes
1002,60,0,1,4,0,0,0,0,1,2,94.76700000000001,-50.8,1.046,yes
1003,29,9,2,2,0,0,0,0,2,2,94.76700000000001,-50.8,1.046,yes
1004,37,9,2,2,0,2,0,0,1,2,94.76700000000001,-50.8,1.044,yes
1005,35,0,2,2,0,2,0,0,3,1,94.76700000000001,-50.8,1.04,yes
1006,73,5,1,2,0,2,0,0,1,1,94.76700000000001,-50.8,1.028,no
